name,hex_24_bit,red_8_bit,green_8_bit,blue_8_bit,hue_degrees,hsl_s,hsl_l
Air Force blue,"#5d8aa8",93,138,168,204.0,30.1,51.2
Alice blue,"#f0f8ff",240,248,255,208.0,100.0,97.1
Alizarin crimson,"#e32636",227,38,54,354.9,77.1,52.0
Almond,"#efdecd",239,222,205,30.0,51.5,87.1
Amaranth,"#e52b50",229,43,80,348.1,78.2,53.3
Amber,"#ffbf00",255,191,0,44.9,100.0,50.0
American rose,"#ff033e",255,3,62,346.0,100.0,50.6
Amethyst,"#9966cc",153,102,204,270.0,50.0,60.0
Android Green,"#a4c639",164,198,57,74.5,55.3,50.0
Anti-flash white,"#f2f3f4",242,243,244,210.0,8.3,95.3
Antique brass,"#cd9575",205,149,117,21.8,46.8,63.1
Antique fuchsia,"#915c83",145,92,131,315.8,22.4,46.5
Antique white,"#faebd7",250,235,215,34.3,77.8,91.2
Ao,"#008000",0,128,0,120.0,100.0,25.1
Apple green,"#8db600",141,182,0,73.5,100.0,35.7
Apricot,"#fbceb1",251,206,177,23.5,90.2,83.9
Aqua,"#00ffff",0,255,255,180.0,100.0,50.0
Aquamarine,"#7fffd4",127,255,212,159.8,100.0,74.9
Army green,"#4b5320",75,83,32,69.4,44.3,22.5
Arylide yellow,"#e9d66b",233,214,107,51.0,74.1,66.7
Ash grey,"#b2beb5",178,190,181,135.0,8.5,72.2
Asparagus,"#87a96b",135,169,107,92.9,26.5,54.1
Atomic tangerine,"#ff9966",255,153,102,20.0,100.0,70.0
Auburn,"#a52a2a",165,42,42,0.0,59.4,40.6
Aureolin,"#fdee00",253,238,0,56.4,100.0,49.6
AuroMetalSaurus,"#6e7f80",110,127,128,183.3,7.6,46.7
Awesome,"#ff2052",255,32,82,346.5,100.0,56.3
Azure,"#007fff",0,127,255,210.1,100.0,50.0
Azure mist/web,"#f0ffff",240,255,255,180.0,100.0,97.1
Baby blue,"#89cff0",137,207,240,199.2,77.4,73.9
Baby blue eyes,"#a1caf1",161,202,241,209.3,74.1,78.8
Baby pink,"#f4c2c2",244,194,194,0.0,69.4,85.9
Ball Blue,"#21abcd",33,171,205,191.9,72.3,46.7
Banana Mania,"#fae7b5",250,231,181,43.5,87.3,84.5
Banana yellow,"#ffe135",255,225,53,51.1,100.0,60.4
Battleship grey,"#848482",132,132,130,60.0,0.8,51.4
Bazaar,"#98777b",152,119,123,352.7,13.8,53.1
Beau blue,"#bcd4e6",188,212,230,205.7,45.7,82.0
Beaver,"#9f8170",159,129,112,21.7,19.7,53.1
Beige,"#f5f5dc",245,245,220,60.0,55.6,91.2
Bisque,"#ffe4c4",255,228,196,32.5,100.0,88.4
Bistre,"#3d2b1f",61,43,31,24.0,32.6,18.0
Bittersweet,"#fe6f5e",254,111,94,6.4,98.8,68.2
Black,"#000000",0,0,0,0.0,0.0,0.0
Blanched Almond,"#ffebcd",255,235,205,36.0,100.0,90.2
Bleu de France,"#318ce7",49,140,231,210.0,79.1,54.9
Blizzard Blue,"#ace5ee",172,229,238,188.2,66.0,80.4
Blond,"#faf0be",250,240,190,50.0,85.7,86.3
Blue,"#0000ff",0,0,255,240.0,100.0,50.0
Blue Bell,"#a2a2d0",162,162,208,240.0,32.9,72.5
Blue Gray,"#6699cc",102,153,204,210.0,50.0,60.0
Blue green,"#0d98ba",13,152,186,191.8,86.9,39.0
Blue purple,"#8a2be2",138,43,226,271.1,75.9,52.7
Blue violet,"#8a2be2",138,43,226,271.1,75.9,52.7
Blush,"#de5d83",222,93,131,342.3,66.2,61.8
Bole,"#79443b",121,68,59,8.7,34.4,35.3
Bondi blue,"#0095b6",0,149,182,190.9,100.0,35.7
Bone,"#e3dac9",227,218,201,39.2,31.7,83.9
Boston University Red,"#cc0000",204,0,0,0.0,100.0,40.0
Bottle green,"#006a4e",0,106,78,164.2,100.0,20.8
Boysenberry,"#873260",135,50,96,327.5,45.9,36.3
Brandeis blue,"#0070ff",0,112,255,213.6,100.0,50.0
Brass,"#b5a642",181,166,66,52.2,46.6,48.4
Brick red,"#cb4154",203,65,84,351.7,57.0,52.5
Bright cerulean,"#1dacd6",29,172,214,193.6,76.1,47.6
Bright green,"#66ff00",102,255,0,96.0,100.0,50.0
Bright lavender,"#bf94e4",191,148,228,272.3,59.7,73.7
Bright maroon,"#c32148",195,33,72,345.6,71.1,44.7
Bright pink,"#ff007f",255,0,127,330.1,100.0,50.0
Bright turquoise,"#08e8de",8,232,222,177.3,93.3,47.1
Bright ube,"#d19fe8",209,159,232,281.1,61.3,76.7
Brilliant lavender,"#f4bbff",244,187,255,290.3,100.0,86.7
Brilliant rose,"#ff55a3",255,85,163,332.5,100.0,66.7
Brink pink,"#fb607f",251,96,127,348.0,95.1,68.0
British racing green,"#004225",0,66,37,153.6,100.0,12.9
Bronze,"#cd7f32",205,127,50,29.8,60.8,50.0
Brown,"#a52a2a",165,42,42,0.0,59.4,40.6
Bubble gum,"#ffc1cc",255,193,204,349.4,100.0,87.8
Bubbles,"#e7feff",231,254,255,182.5,100.0,95.3
Buff,"#f0dc82",240,220,130,49.1,78.6,72.5
Bulgarian rose,"#480607",72,6,7,359.1,84.6,15.3
Burgundy,"#800020",128,0,32,345.0,100.0,25.1
Burlywood,"#deb887",222,184,135,33.8,56.9,70.0
Burnt orange,"#cc5500",204,85,0,25.0,100.0,40.0
Burnt sienna,"#e97451",233,116,81,13.8,77.6,61.6
Burnt umber,"#8a3324",138,51,36,8.8,58.6,34.1
Byzantine,"#bd33a4",189,51,164,310.9,57.5,47.1
Byzantium,"#702963",112,41,99,311.0,46.4,30.0
CG Blue,"#007aa5",0,122,165,195.6,100.0,32.4
CG Red,"#e03c31",224,60,49,3.8,73.8,53.5
Cadet,"#536872",83,104,114,199.4,15.7,38.6
Cadet blue,"#5f9ea0",95,158,160,181.8,25.5,50.0
Cadet grey,"#91a3b0",145,163,176,205.2,16.4,62.9
Cadmium green,"#006b3c",0,107,60,153.6,100.0,21.0
Cadmium orange,"#ed872d",237,135,45,28.1,84.2,55.3
Cadmium red,"#e30022",227,0,34,351.0,100.0,44.5
Cadmium yellow,"#fff600",255,246,0,57.9,100.0,50.0
Café au lait,"#a67b5b",166,123,91,25.6,29.6,50.4
Café noir,"#4b3621",75,54,33,30.0,38.9,21.2
Cal Poly Pomona green,"#1e4d2b",30,77,43,136.6,43.9,21.0
Cambridge Blue,"#a3c1ad",163,193,173,140.0,19.5,69.8
Camel,"#c19a6b",193,154,107,32.8,41.0,58.8
Camouflage green,"#78866b",120,134,107,91.1,11.2,47.3
Canary,"#ffff99",255,255,153,60.0,100.0,80.0
Canary yellow,"#ffef00",255,239,0,56.2,100.0,50.0
Candy apple red,"#ff0800",255,8,0,1.9,100.0,50.0
Candy pink,"#e4717a",228,113,122,355.3,68.0,66.9
Capri,"#00bfff",0,191,255,195.1,100.0,50.0
Caput mortuum,"#592720",89,39,32,7.4,47.1,23.7
Cardinal,"#c41e3a",196,30,58,349.9,73.5,44.3
Caribbean green,"#00cc99",0,204,153,165.0,100.0,40.0
Carmine,"#ff0040",255,0,64,344.9,100.0,50.0
Carmine pink,"#eb4c42",235,76,66,3.6,80.9,59.0
Carmine red,"#ff0038",255,0,56,346.8,100.0,50.0
Carnation pink,"#ffa6c9",255,166,201,336.4,100.0,82.5
Carnelian,"#b31b1b",179,27,27,0.0,73.8,40.4
Carolina blue,"#99badd",153,186,221,210.9,50.0,73.3
Carrot orange,"#ed9121",237,145,33,32.9,85.0,52.9
Celadon,"#ace1af",172,225,175,123.4,46.9,77.8
Celeste,"#b2ffff",178,255,255,180.0,100.0,84.9
Celestial blue,"#4997d0",73,151,208,205.3,59.0,55.1
Cerise,"#de3163",222,49,99,342.7,72.4,53.1
Cerise pink,"#ec3b83",236,59,131,335.6,82.3,57.8
Cerulean,"#007ba7",0,123,167,195.8,100.0,32.7
Cerulean blue,"#2a52be",42,82,190,223.8,63.8,45.5
Chamoisee,"#a0785a",160,120,90,25.7,28.0,49.0
Champagne,"#fad6a5",250,214,165,34.6,89.5,81.4
Charcoal,"#36454f",54,69,79,204.0,18.8,26.1
Chartreuse,"#7fff00",127,255,0,90.1,100.0,50.0
Cherry,"#de3163",222,49,99,342.7,72.4,53.1
Cherry blossom pink,"#ffb7c5",255,183,197,348.3,100.0,85.9
Chestnut,"#cd5c5c",205,92,92,0.0,53.1,58.2
Chocolate,"#d2691e",210,105,30,25.0,75.0,47.1
Chrome yellow,"#ffa700",255,167,0,39.3,100.0,50.0
Cinereous,"#98817b",152,129,123,12.4,12.3,53.9
Cinnabar,"#e34234",227,66,52,4.8,75.8,54.7
Cinnamon,"#d2691e",210,105,30,25.0,75.0,47.1
Citrine,"#e4d00a",228,208,10,54.5,91.6,46.7
Classic rose,"#fbcce7",251,204,231,325.5,85.5,89.2
Cobalt,"#0047ab",0,71,171,215.1,100.0,33.5
Cocoa brown,"#d2691e",210,105,30,25.0,75.0,47.1
Coffee,"#6f4e37",111,78,55,24.6,33.7,32.5
Columbia blue,"#9bddff",155,221,255,200.4,100.0,80.4
Cool black,"#002e63",0,46,99,212.1,100.0,19.4
Cool grey,"#8c92ac",140,146,172,228.8,16.2,61.2
Copper,"#b87333",184,115,51,28.9,56.6,46.1
Copper rose,"#996666",153,102,102,0.0,20.0,50.0
Coquelicot,"#ff3800",255,56,0,13.2,100.0,50.0
Coral,"#ff7f50",255,127,80,16.1,100.0,65.7
Coral pink,"#f88379",248,131,121,4.7,90.1,72.4
Coral red,"#ff4040",255,64,64,0.0,100.0,62.5
Cordovan,"#893f45",137,63,69,355.1,37.0,39.2
Corn,"#fbec5d",251,236,93,54.3,95.2,67.5
Cornell Red,"#b31b1b",179,27,27,0.0,73.8,40.4
Cornflower,"#9aceeb",154,206,235,201.5,66.9,76.3
Cornflower blue,"#6495ed",100,149,237,218.5,79.2,66.1
Cornsilk,"#fff8dc",255,248,220,48.0,100.0,93.1
Cosmic latte,"#fff8e7",255,248,231,42.5,100.0,95.3
Cotton candy,"#ffbcd9",255,188,217,334.0,100.0,86.9
Cream,"#fffdd0",255,253,208,57.4,100.0,90.8
Crimson,"#dc143c",220,20,60,348.0,83.3,47.1
Crimson Red,"#990000",153,0,0,0.0,100.0,30.0
Crimson glory,"#be0032",190,0,50,344.2,100.0,37.3
Cyan,"#00ffff",0,255,255,180.0,100.0,50.0
Daffodil,"#ffff31",255,255,49,60.0,100.0,59.6
Dandelion,"#f0e130",240,225,48,55.3,86.5,56.5
Dark blue,"#00008b",0,0,139,240.0,100.0,27.3
Dark brown,"#654321",101,67,33,30.0,50.7,26.3
Dark byzantium,"#5d3954",93,57,84,315.0,24.0,29.4
Dark candy apple red,"#a40000",164,0,0,0.0,100.0,32.2
Dark cerulean,"#08457e",8,69,126,209.0,88.1,26.3
Dark chestnut,"#986960",152,105,96,9.6,22.6,48.6
Dark coral,"#cd5b45",205,91,69,9.7,57.6,53.7
Dark cyan,"#008b8b",0,139,139,180.0,100.0,27.3
Dark electric blue,"#536878",83,104,120,205.9,18.2,39.8
Dark goldenrod,"#b8860b",184,134,11,42.7,88.7,38.2
Dark gray,"#a9a9a9",169,169,169,0.0,0.0,66.3
Dark green,"#013220",1,50,32,158.0,96.1,10.0
Dark jungle green,"#1a2421",26,36,33,162.0,16.1,12.2
Dark khaki,"#bdb76b",189,183,107,55.6,38.3,58.0
Dark lava,"#483c32",72,60,50,27.3,18.0,23.9
Dark lavender,"#734f96",115,79,150,270.4,31.0,44.9
Dark magenta,"#8b008b",139,0,139,300.0,100.0,27.3
Dark midnight blue,"#003366",0,51,102,210.0,100.0,20.0
Dark olive green,"#556b2f",85,107,47,82.0,39.0,30.2
Dark orange,"#ff8c00",255,140,0,32.9,100.0,50.0
Dark orchid,"#9932cc",153,50,204,280.1,60.6,49.8
Dark pastel blue,"#779ecb",119,158,203,212.1,44.7,63.1
Dark pastel green,"#03c03c",3,192,60,138.1,96.9,38.2
Dark pastel purple,"#966fd6",150,111,214,262.7,55.7,63.7
Dark pastel red,"#c23b22",194,59,34,9.4,70.2,44.7
Dark pink,"#e75480",231,84,128,342.0,75.4,61.8
Dark powder blue,"#003399",0,51,153,220.0,100.0,30.0
Dark raspberry,"#872657",135,38,87,329.7,56.1,33.9
Dark red,"#8b0000",139,0,0,0.0,100.0,27.3
Dark salmon,"#e9967a",233,150,122,15.1,71.6,69.6
Dark scarlet,"#560319",86,3,25,344.1,93.3,17.5
Dark sea green,"#8fbc8f",143,188,143,120.0,25.1,64.9
Dark sienna,"#3c1414",60,20,20,0.0,50.0,15.7
Dark slate blue,"#483d8b",72,61,139,248.5,39.0,39.2
Dark slate gray,"#2f4f4f",47,79,79,180.0,25.4,24.7
Dark spring green,"#177245",23,114,69,150.3,66.4,26.9
Dark tan,"#918151",145,129,81,45.0,28.3,44.3
Dark tangerine,"#ffa812",255,168,18,38.0,100.0,53.5
Dark taupe,"#483c32",72,60,50,27.3,18.0,23.9
Dark terra cotta,"#cc4e5c",204,78,92,353.3,55.3,55.3
Dark turquoise,"#00ced1",0,206,209,180.9,100.0,41.0
Dark violet,"#9400d3",148,0,211,282.1,100.0,41.4
Dartmouth green,"#00693e",0,105,62,155.4,100.0,20.6
Davy grey,"#555555",85,85,85,0.0,0.0,33.3
Debian red,"#d70a53",215,10,83,338.6,91.1,44.1
Deep carmine,"#a9203e",169,32,62,346.9,68.2,39.4
Deep carmine pink,"#ef3038",239,48,56,357.5,85.7,56.3
Deep carrot orange,"#e9692c",233,105,44,19.4,81.1,54.3
Deep cerise,"#da3287",218,50,135,329.6,69.4,52.5
Deep champagne,"#fad6a5",250,214,165,34.6,89.5,81.4
Deep chestnut,"#b94e48",185,78,72,3.2,44.7,50.4
Deep coffee,"#704241",112,66,65,1.3,26.6,34.7
Deep fuchsia,"#c154c1",193,84,193,300.0,46.8,54.3
Deep jungle green,"#004b49",0,75,73,178.4,100.0,14.7
Deep lilac,"#9955bb",153,85,187,280.0,42.9,53.3
Deep magenta,"#cc00cc",204,0,204,300.0,100.0,40.0
Deep peach,"#ffcba4",255,203,164,25.7,100.0,82.2
Deep pink,"#ff1493",255,20,147,327.6,100.0,53.9
Deep saffron,"#ff9933",255,153,51,30.0,100.0,60.0
Deep sky blue,"#00bfff",0,191,255,195.1,100.0,50.0
Denim,"#1560bd",21,96,189,213.2,80.0,41.2
Desert,"#c19a6b",193,154,107,32.8,41.0,58.8
Desert sand,"#edc9af",237,201,175,25.2,63.3,80.8
Dim gray,"#696969",105,105,105,0.0,0.0,41.2
Dodger blue,"#1e90ff",30,144,255,209.6,100.0,55.9
Dogwood rose,"#d71868",215,24,104,334.9,79.9,46.9
Dollar bill,"#85bb65",133,187,101,97.7,38.7,56.5
Drab,"#967117",150,113,23,42.5,73.4,33.9
Duke blue,"#00009c",0,0,156,240.0,100.0,30.6
Earth yellow,"#e1a95f",225,169,95,34.2,68.4,62.7
Ecru,"#c2b280",194,178,128,45.5,35.1,63.1
Eggplant,"#614051",97,64,81,329.1,20.5,31.6
Eggshell,"#f0ead6",240,234,214,46.2,46.4,89.0
Egyptian blue,"#1034a6",16,52,166,225.6,82.4,35.7
Electric blue,"#7df9ff",125,249,255,182.8,100.0,74.5
Electric crimson,"#ff003f",255,0,63,345.2,100.0,50.0
Electric cyan,"#00ffff",0,255,255,180.0,100.0,50.0
Electric green,"#00ff00",0,255,0,120.0,100.0,50.0
Electric indigo,"#6f00ff",111,0,255,266.1,100.0,50.0
Electric lavender,"#f4bbff",244,187,255,290.3,100.0,86.7
Electric lime,"#ccff00",204,255,0,72.0,100.0,50.0
Electric purple,"#bf00ff",191,0,255,284.9,100.0,50.0
Electric ultramarine,"#3f00ff",63,0,255,254.8,100.0,50.0
Electric violet,"#8f00ff",143,0,255,273.6,100.0,50.0
Electric yellow,"#ffff00",255,255,0,60.0,100.0,50.0
Emerald,"#50c878",80,200,120,140.0,52.2,54.9
Eton blue,"#96c8a2",150,200,162,134.4,31.3,68.6
Fallow,"#c19a6b",193,154,107,32.8,41.0,58.8
Falu red,"#801818",128,24,24,0.0,68.4,29.8
Famous,"#ff00ff",255,0,255,300.0,100.0,50.0
Fandango,"#b53389",181,51,137,320.3,56.0,45.5
Fashion fuchsia,"#f400a1",244,0,161,320.4,100.0,47.8
Fawn,"#e5aa70",229,170,112,29.7,69.2,66.9
Feldgrau,"#4d5d53",77,93,83,142.5,9.4,33.3
Fern,"#71bc78",113,188,120,125.6,35.9,59.0
Fern green,"#4f7942",79,121,66,105.8,29.4,36.7
Ferrari Red,"#ff2800",255,40,0,9.4,100.0,50.0
Field drab,"#6c541e",108,84,30,41.5,56.5,27.1
Fire engine red,"#ce2029",206,32,41,356.9,73.1,46.7
Firebrick,"#b22222",178,34,34,0.0,67.9,41.6
Flame,"#e25822",226,88,34,16.9,76.8,51.0
Flamingo pink,"#fc8eac",252,142,172,343.6,94.8,77.3
Flavescent,"#f7e98e",247,233,142,52.0,86.8,76.3
Flax,"#eedc82",238,220,130,50.0,76.1,72.2
Floral white,"#fffaf0",255,250,240,40.0,100.0,97.1
Fluorescent orange,"#ffbf00",255,191,0,44.9,100.0,50.0
Fluorescent pink,"#ff1493",255,20,147,327.6,100.0,53.9
Fluorescent yellow,"#ccff00",204,255,0,72.0,100.0,50.0
Folly,"#ff004f",255,0,79,341.4,100.0,50.0
Forest green,"#228b22",34,139,34,120.0,60.7,33.9
French beige,"#a67b5b",166,123,91,25.6,29.6,50.4
French blue,"#0072bb",0,114,187,203.4,100.0,36.7
French lilac,"#86608e",134,96,142,289.6,19.3,46.7
French rose,"#f64a8a",246,74,138,337.7,90.5,62.7
Fuchsia,"#ff00ff",255,0,255,300.0,100.0,50.0
Fuchsia pink,"#ff77ff",255,119,255,300.0,100.0,73.3
Fulvous,"#e48400",228,132,0,34.7,100.0,44.7
Fuzzy Wuzzy,"#cc6666",204,102,102,0.0,50.0,60.0
Gainsboro,"#dcdcdc",220,220,220,0.0,0.0,86.3
Gamboge,"#e49b0f",228,155,15,39.4,87.7,47.6
Ghost white,"#f8f8ff",248,248,255,240.0,100.0,98.6
Ginger,"#b06500",176,101,0,34.4,100.0,34.5
Glaucous,"#6082b6",96,130,182,216.3,37.1,54.5
Glitter,"#e6e8fa",230,232,250,234.0,66.7,94.1
Gold,"#ffd700",255,215,0,50.6,100.0,50.0
Golden brown,"#996515",153,101,21,36.4,75.9,34.1
Golden poppy,"#fcc200",252,194,0,46.2,100.0,49.4
Golden yellow,"#ffdf00",255,223,0,52.5,100.0,50.0
Goldenrod,"#daa520",218,165,32,42.9,74.4,49.0
Granny Smith Apple,"#a8e4a0",168,228,160,112.9,55.7,76.1
Gray,"#808080",128,128,128,0.0,0.0,50.2
Gray asparagus,"#465945",70,89,69,117.0,12.7,31.0
Green,"#00ff00",0,255,0,120.0,100.0,50.0
Green Blue,"#1164b4",17,100,180,209.4,82.7,38.6
Green yellow,"#adff2f",173,255,47,83.7,100.0,59.2
Grullo,"#a99a86",169,154,134,34.3,16.9,59.4
Guppie green,"#00ff7f",0,255,127,149.9,100.0,50.0
Halayà úbe,"#663854",102,56,84,323.5,29.1,31.0
Han blue,"#446ccf",68,108,207,222.7,59.1,53.9
Han purple,"#5218fa",82,24,250,255.4,95.8,53.7
Hansa yellow,"#e9d66b",233,214,107,51.0,74.1,66.7
Harlequin,"#3fff00",63,255,0,105.2,100.0,50.0
Harvard crimson,"#c90016",201,0,22,353.4,100.0,39.4
Harvest Gold,"#da9100",218,145,0,39.9,100.0,42.7
Heart Gold,"#808000",128,128,0,60.0,100.0,25.1
Heliotrope,"#df73ff",223,115,255,286.3,100.0,72.5
Hollywood cerise,"#f400a1",244,0,161,320.4,100.0,47.8
Honeydew,"#f0fff0",240,255,240,120.0,100.0,97.1
Hooker green,"#49796b",73,121,107,162.5,24.7,38.0
Hot magenta,"#ff1dce",255,29,206,313.0,100.0,55.7
Hot pink,"#ff69b4",255,105,180,330.0,100.0,70.6
Hunter green,"#355e3b",53,94,59,128.8,27.9,28.8
Icterine,"#fcf75e",252,247,94,58.1,96.3,67.8
Inchworm,"#b2ec5d",178,236,93,84.3,79.0,64.5
India green,"#138808",19,136,8,114.8,88.9,28.2
Indian red,"#cd5c5c",205,92,92,0.0,53.1,58.2
Indian yellow,"#e3a857",227,168,87,34.7,71.4,61.6
Indigo,"#4b0082",75,0,130,274.6,100.0,25.5
International Klein Blue,"#002fa7",0,47,167,223.1,100.0,32.7
International orange,"#ff4f00",255,79,0,18.6,100.0,50.0
Iris,"#5a4fcf",90,79,207,245.2,57.1,56.1
Isabelline,"#f4f0ec",244,240,236,30.0,26.7,94.1
Islamic green,"#009000",0,144,0,120.0,100.0,28.2
Ivory,"#fffff0",255,255,240,60.0,100.0,97.1
Jade,"#00a86b",0,168,107,158.2,100.0,32.9
Jasmine,"#f8de7e",248,222,126,47.2,89.7,73.3
Jasper,"#d73b3e",215,59,62,358.8,66.1,53.7
Jazzberry jam,"#a50b5e",165,11,94,327.7,87.5,34.5
Jonquil,"#fada5e",250,218,94,47.7,94.0,67.5
June bud,"#bdda57",189,218,87,73.3,63.9,59.8
Jungle green,"#29ab87",41,171,135,163.4,61.3,41.6
KU Crimson,"#e8000d",232,0,13,356.6,100.0,45.5
Kelly green,"#4cbb17",76,187,23,100.6,78.1,41.2
Khaki,"#c3b091",195,176,145,37.2,29.4,66.7
La Salle Green,"#087830",8,120,48,141.4,87.5,25.1
Languid lavender,"#d6cadd",214,202,221,277.9,21.8,82.9
Lapis lazuli,"#26619c",38,97,156,210.0,60.8,38.0
Laser Lemon,"#fefe22",254,254,34,60.0,99.1,56.5
Laurel green,"#a9ba9d",169,186,157,95.2,17.4,67.3
Lava,"#cf1020",207,16,32,355.0,85.7,43.7
Lavender,"#e6e6fa",230,230,250,240.0,66.7,94.1
Lavender blue,"#ccccff",204,204,255,240.0,100.0,90.0
Lavender blush,"#fff0f5",255,240,245,340.0,100.0,97.1
Lavender gray,"#c4c3d0",196,195,208,244.6,12.1,79.0
Lavender indigo,"#9457eb",148,87,235,264.7,78.7,63.1
Lavender magenta,"#ee82ee",238,130,238,300.0,76.1,72.2
Lavender mist,"#e6e6fa",230,230,250,240.0,66.7,94.1
Lavender pink,"#fbaed2",251,174,210,331.9,90.6,83.3
Lavender purple,"#967bb6",150,123,182,267.5,28.8,59.8
Lavender rose,"#fba0e3",251,160,227,315.8,91.9,80.6
Lawn green,"#7cfc00",124,252,0,90.5,100.0,49.4
Lemon,"#fff700",255,247,0,58.1,100.0,50.0
Lemon Yellow,"#fff44f",255,244,79,56.3,100.0,65.5
Lemon chiffon,"#fffacd",255,250,205,54.0,100.0,90.2
Lemon lime,"#bfff00",191,255,0,75.1,100.0,50.0
Light Crimson,"#f56991",245,105,145,342.9,87.5,68.6
Light Thulian pink,"#e68fac",230,143,172,340.0,63.5,73.1
Light apricot,"#fdd5b1",253,213,177,28.4,95.0,84.3
Light blue,"#add8e6",173,216,230,194.7,53.3,79.0
Light brown,"#b5651d",181,101,29,28.4,72.4,41.2
Light carmine pink,"#e66771",230,103,113,355.3,71.8,65.3
Light coral,"#f08080",240,128,128,0.0,78.9,72.2
Light cornflower blue,"#93ccea",147,204,234,200.7,67.4,74.7
Light cyan,"#e0ffff",224,255,255,180.0,100.0,93.9
Light fuchsia pink,"#f984ef",249,132,239,305.1,90.7,74.7
Light goldenrod yellow,"#fafad2",250,250,210,60.0,80.0,90.2
Light gray,"#d3d3d3",211,211,211,0.0,0.0,82.7
Light green,"#90ee90",144,238,144,120.0,73.4,74.9
Light khaki,"#f0e68c",240,230,140,54.0,76.9,74.5
Light pastel purple,"#b19cd9",177,156,217,260.7,44.5,73.1
Light pink,"#ffb6c1",255,182,193,351.0,100.0,85.7
Light salmon,"#ffa07a",255,160,122,17.1,100.0,73.9
Light salmon pink,"#ff9999",255,153,153,0.0,100.0,80.0
Light sea green,"#20b2aa",32,178,170,176.7,69.5,41.2
Light sky blue,"#87cefa",135,206,250,203.0,92.0,75.5
Light slate gray,"#778899",119,136,153,210.0,14.3,53.3
Light taupe,"#b38b6d",179,139,109,25.7,31.5,56.5
Light yellow,"#ffffed",255,255,237,60.0,100.0,96.5
Lilac,"#c8a2c8",200,162,200,300.0,25.7,71.0
Lime,"#bfff00",191,255,0,75.1,100.0,50.0
Lime green,"#32cd32",50,205,50,120.0,60.8,50.0
Lincoln green,"#195905",25,89,5,105.7,89.4,18.4
Linen,"#faf0e6",250,240,230,30.0,66.7,94.1
Lion,"#c19a6b",193,154,107,32.8,41.0,58.8
Liver,"#534b4f",83,75,79,330.0,5.1,31.0
Lust,"#e62020",230,32,32,0.0,79.8,51.4
MSU Green,"#18453b",24,69,59,166.7,48.4,18.2
Macaroni and Cheese,"#ffbd88",255,189,136,26.7,100.0,76.7
Magenta,"#ff00ff",255,0,255,300.0,100.0,50.0
Magic mint,"#aaf0d1",170,240,209,153.4,70.0,80.4
Magnolia,"#f8f4ff",248,244,255,261.8,100.0,97.8
Mahogany,"#c04000",192,64,0,20.0,100.0,37.6
Maize,"#fbec5d",251,236,93,54.3,95.2,67.5
Majorelle Blue,"#6050dc",96,80,220,246.9,66.7,58.8
Malachite,"#0bda51",11,218,81,140.3,90.4,44.9
Manatee,"#979aaa",151,154,170,230.5,10.1,62.9
Mango Tango,"#ff8243",255,130,67,20.1,100.0,63.1
Mantis,"#74c365",116,195,101,110.4,43.9,58.0
Maroon,"#800000",128,0,0,0.0,100.0,25.1
Mauve,"#e0b0ff",224,176,255,276.5,100.0,84.5
Mauve taupe,"#915f6d",145,95,109,343.2,20.8,47.1
Mauvelous,"#ef98aa",239,152,170,347.6,73.1,76.7
Maya blue,"#73c2fb",115,194,251,205.1,94.4,71.8
Meat brown,"#e5b73b",229,183,59,43.8,76.6,56.5
Medium Persian blue,"#0067a5",0,103,165,202.5,100.0,32.4
Medium aquamarine,"#66ddaa",102,221,170,154.3,63.6,63.3
Medium blue,"#0000cd",0,0,205,240.0,100.0,40.2
Medium candy apple red,"#e2062c",226,6,44,349.6,94.8,45.5
Medium carmine,"#af4035",175,64,53,5.4,53.5,44.7
Medium champagne,"#f3e5ab",243,229,171,48.3,75.0,81.2
Medium electric blue,"#035096",3,80,150,208.6,96.1,30.0
Medium jungle green,"#1c352d",28,53,45,160.8,30.9,15.9
Medium lavender magenta,"#dda0dd",221,160,221,300.0,47.3,74.7
Medium orchid,"#ba55d3",186,85,211,288.1,58.9,58.0
Medium purple,"#9370db",147,112,219,259.6,59.8,64.9
Medium red violet,"#bb3385",187,51,133,323.8,57.1,46.7
Medium sea green,"#3cb371",60,179,113,146.7,49.8,46.9
Medium slate blue,"#7b68ee",123,104,238,248.5,79.8,67.1
Medium spring bud,"#c9dc87",201,220,135,73.4,54.8,69.6
Medium spring green,"#00fa9a",0,250,154,157.0,100.0,49.0
Medium taupe,"#674c47",103,76,71,9.4,18.4,34.1
Medium teal blue,"#0054b4",0,84,180,212.0,100.0,35.3
Medium turquoise,"#48d1cc",72,209,204,177.8,59.8,55.1
Medium violet red,"#c71585",199,21,133,322.2,80.9,43.1
Melon,"#fdbcb4",253,188,180,6.6,94.8,84.9
Midnight blue,"#191970",25,25,112,240.0,63.5,26.9
Midnight green,"#004953",0,73,83,187.2,100.0,16.3
Mikado yellow,"#ffc40c",255,196,12,45.4,100.0,52.4
Mint,"#3eb489",62,180,137,158.1,48.8,47.5
Mint cream,"#f5fffa",245,255,250,150.0,100.0,98.0
Mint green,"#98ff98",152,255,152,120.0,100.0,79.8
Misty rose,"#ffe4e1",255,228,225,6.0,100.0,94.1
Moccasin,"#faebd7",250,235,215,34.3,77.8,91.2
Mode beige,"#967117",150,113,23,42.5,73.4,33.9
Moonstone blue,"#73a9c2",115,169,194,199.0,39.3,60.6
Mordant red 19,"#ae0c00",174,12,0,4.1,100.0,34.1
Moss green,"#addfad",173,223,173,120.0,43.9,77.6
Mountain Meadow,"#30ba8f",48,186,143,161.3,59.0,45.9
Mountbatten pink,"#997a8d",153,122,141,323.2,13.2,53.9
Mulberry,"#c54b8c",197,75,140,328.0,51.3,53.3
Munsell,"#f2f3f4",242,243,244,210.0,8.3,95.3
Mustard,"#ffdb58",255,219,88,47.1,100.0,67.3
Myrtle,"#21421e",33,66,30,115.0,37.5,18.8
Nadeshiko pink,"#f6adc6",246,173,198,339.5,80.2,82.2
Napier green,"#2a8000",42,128,0,100.3,100.0,25.1
Naples yellow,"#fada5e",250,218,94,47.7,94.0,67.5
Navajo white,"#ffdead",255,222,173,35.9,100.0,83.9
Navy blue,"#000080",0,0,128,240.0,100.0,25.1
Neon Carrot,"#ffa343",255,163,67,30.6,100.0,63.1
Neon fuchsia,"#fe59c2",254,89,194,321.8,98.8,67.3
Neon green,"#39ff14",57,255,20,110.6,100.0,53.9
Non-photo blue,"#a4dded",164,221,237,193.2,67.0,78.6
North Texas Green,"#059033",5,144,51,139.9,93.3,29.2
Ocean Boat Blue,"#0077be",0,119,190,202.4,100.0,37.3
Ochre,"#cc7722",204,119,34,30.0,71.4,46.7
Office green,"#008000",0,128,0,120.0,100.0,25.1
Old gold,"#cfb53b",207,181,59,49.5,60.7,52.2
Old lace,"#fdf5e6",253,245,230,39.1,85.2,94.7
Old lavender,"#796878",121,104,120,303.5,7.6,44.1
Old mauve,"#673147",103,49,71,335.6,35.5,29.8
Old rose,"#c08081",192,128,129,359.1,33.7,62.7
Olive,"#808000",128,128,0,60.0,100.0,25.1
Olive Drab,"#6b8e23",107,142,35,79.6,60.5,34.7
Olive Green,"#bab86c",186,184,108,58.5,36.1,57.6
Olivine,"#9ab973",154,185,115,86.6,33.3,58.8
Onyx,"#0f0f0f",15,15,15,0.0,0.0,5.9
Opera mauve,"#b784a7",183,132,167,318.8,26.2,61.8
Orange,"#ffa500",255,165,0,38.8,100.0,50.0
Orange Yellow,"#f8d568",248,213,104,45.4,91.1,69.0
Orange peel,"#ff9f00",255,159,0,37.4,100.0,50.0
Orange red,"#ff4500",255,69,0,16.2,100.0,50.0
Orchid,"#da70d6",218,112,214,302.3,58.9,64.7
Otter brown,"#654321",101,67,33,30.0,50.7,26.3
Outer Space,"#414a4c",65,74,76,190.9,7.8,27.6
Outrageous Orange,"#ff6e4a",255,110,74,11.9,100.0,64.5
Oxford Blue,"#002147",0,33,71,212.1,100.0,13.9
Pacific Blue,"#1ca9c9",28,169,201,191.1,75.5,44.9
Pakistan green,"#006600",0,102,0,120.0,100.0,20.0
Palatinate blue,"#273be2",39,59,226,233.6,76.3,52.0
Palatinate purple,"#682860",104,40,96,307.5,44.4,28.2
Pale aqua,"#bcd4e6",188,212,230,205.7,45.7,82.0
Pale blue,"#afeeee",175,238,238,180.0,64.9,81.0
Pale brown,"#987654",152,118,84,30.0,28.8,46.3
Pale carmine,"#af4035",175,64,53,5.4,53.5,44.7
Pale cerulean,"#9bc4e2",155,196,226,205.4,55.0,74.7
Pale chestnut,"#ddadaf",221,173,175,357.5,41.4,77.3
Pale copper,"#da8a67",218,138,103,18.3,60.8,62.9
Pale cornflower blue,"#abcdef",171,205,239,210.0,68.0,80.4
Pale gold,"#e6be8a",230,190,138,33.9,64.8,72.2
Pale goldenrod,"#eee8aa",238,232,170,54.7,66.7,80.0
Pale green,"#98fb98",152,251,152,120.0,92.5,79.0
Pale lavender,"#dcd0ff",220,208,255,255.3,100.0,90.8
Pale magenta,"#f984e5",249,132,229,310.3,90.7,74.7
Pale pink,"#fadadd",250,218,221,354.4,76.2,91.8
Pale plum,"#dda0dd",221,160,221,300.0,47.3,74.7
Pale red violet,"#db7093",219,112,147,340.4,59.8,64.9
Pale robin egg blue,"#96ded1",150,222,209,169.2,52.2,72.9
Pale silver,"#c9c0bb",201,192,187,21.4,11.5,76.1
Pale spring bud,"#ecebbd",236,235,189,58.7,55.3,83.3
Pale taupe,"#bc987e",188,152,126,25.2,31.6,61.6
Pale violet red,"#db7093",219,112,147,340.4,59.8,64.9
Pansy purple,"#78184a",120,24,74,328.8,66.7,28.2
Papaya whip,"#ffefd5",255,239,213,37.1,100.0,91.8
Paris Green,"#50c878",80,200,120,140.0,52.2,54.9
Pastel blue,"#aec6cf",174,198,207,196.4,25.6,74.7
Pastel brown,"#836953",131,105,83,27.5,22.4,42.0
Pastel gray,"#cfcfc4",207,207,196,60.0,10.3,79.0
Pastel green,"#77dd77",119,221,119,120.0,60.0,66.7
Pastel magenta,"#f49ac2",244,154,194,333.3,80.4,78.0
Pastel orange,"#ffb347",255,179,71,35.2,100.0,63.9
Pastel pink,"#ffd1dc",255,209,220,345.7,100.0,91.0
Pastel purple,"#b39eb5",179,158,181,294.8,13.5,66.5
Pastel red,"#ff6961",255,105,97,3.0,100.0,69.0
Pastel violet,"#cb99c9",203,153,201,302.4,32.5,69.8
Pastel yellow,"#fdfd96",253,253,150,60.0,96.3,79.0
Patriarch,"#800080",128,0,128,300.0,100.0,25.1
Payne grey,"#536878",83,104,120,205.9,18.2,39.8
Peach,"#ffe5b4",255,229,180,39.2,100.0,85.3
Peach puff,"#ffdab9",255,218,185,28.3,100.0,86.3
Peach yellow,"#fadfad",250,223,173,39.0,88.5,82.9
Pear,"#d1e231",209,226,49,65.8,75.3,53.9
Pearl,"#eae0c8",234,224,200,42.4,44.7,85.1
Pearl Aqua,"#88d8c0",136,216,192,162.0,50.6,69.0
Peridot,"#e6e200",230,226,0,59.0,100.0,45.1
Periwinkle,"#ccccff",204,204,255,240.0,100.0,90.0
Persian blue,"#1c39bb",28,57,187,229.1,74.0,42.2
Persian indigo,"#32127a",50,18,122,258.5,74.3,27.5
Persian orange,"#d99058",217,144,88,26.0,62.9,59.8
Persian pink,"#f77fbe",247,127,190,328.5,88.2,73.3
Persian plum,"#701c1c",112,28,28,0.0,60.0,27.5
Persian red,"#cc3333",204,51,51,0.0,60.0,50.0
Persian rose,"#fe28a2",254,40,162,325.8,99.1,57.6
Phlox,"#df00ff",223,0,255,292.5,100.0,50.0
Phthalo blue,"#000f89",0,15,137,233.4,100.0,26.9
Phthalo green,"#123524",18,53,36,150.9,49.3,13.9
Piggy pink,"#fddde6",253,221,230,343.1,88.9,92.9
Pine green,"#01796f",1,121,111,175.0,98.4,23.9
Pink,"#ffc0cb",255,192,203,349.5,100.0,87.6
Pink Flamingo,"#fc74fd",252,116,253,299.6,97.2,72.4
Pink Sherbet,"#f78fa7",247,143,167,346.2,86.7,76.5
Pink pearl,"#e7accf",231,172,207,324.4,55.1,79.0
Pistachio,"#93c572",147,197,114,96.1,41.7,61.0
Platinum,"#e5e4e2",229,228,226,40.0,5.5,89.2
Plum,"#dda0dd",221,160,221,300.0,47.3,74.7
Portland Orange,"#ff5a36",255,90,54,10.7,100.0,60.6
Powder blue,"#b0e0e6",176,224,230,186.7,51.9,79.6
Princeton orange,"#ff8f00",255,143,0,33.6,100.0,50.0
Prussian blue,"#003153",0,49,83,204.6,100.0,16.3
Psychedelic purple,"#df00ff",223,0,255,292.5,100.0,50.0
Puce,"#cc8899",204,136,153,345.0,40.0,66.7
Pumpkin,"#ff7518",255,117,24,24.2,100.0,54.7
Purple,"#800080",128,0,128,300.0,100.0,25.1
Purple Heart,"#69359c",105,53,156,270.3,49.3,41.0
Purple Mountain's Majesty,"#9d81ba",157,129,186,269.5,29.2,61.8
Purple mountain majesty,"#9678b6",150,120,182,269.0,29.8,59.2
Purple pizzazz,"#fe4eda",254,78,218,312.3,98.9,65.1
Purple taupe,"#50404d",80,64,77,311.3,11.1,28.2
Rackley,"#5d8aa8",93,138,168,204.0,30.1,51.2
Radical Red,"#ff355e",255,53,94,347.8,100.0,60.4
Raspberry,"#e30b5d",227,11,93,337.2,90.8,46.7
Raspberry glace,"#915f6d",145,95,109,343.2,20.8,47.1
Raspberry pink,"#e25098",226,80,152,330.4,71.6,60.0
Raspberry rose,"#b3446c",179,68,108,338.4,44.9,48.4
Raw Sienna,"#d68a59",214,138,89,23.5,60.4,59.4
Razzle dazzle rose,"#ff33cc",255,51,204,315.0,100.0,60.0
Razzmatazz,"#e3256b",227,37,107,337.9,77.2,51.8
Red,"#ff0000",255,0,0,0.0,100.0,50.0
Red Orange,"#ff5349",255,83,73,3.3,100.0,64.3
Red brown,"#a52a2a",165,42,42,0.0,59.4,40.6
Red violet,"#c71585",199,21,133,322.2,80.9,43.1
Rich black,"#004040",0,64,64,180.0,100.0,12.5
Rich carmine,"#d70040",215,0,64,342.1,100.0,42.2
Rich electric blue,"#0892d0",8,146,208,198.6,92.6,42.4
Rich lilac,"#b666d2",182,102,210,284.4,54.5,61.2
Rich maroon,"#b03060",176,48,96,337.5,57.1,43.9
Rifle green,"#414833",65,72,51,80.0,17.1,24.1
Robin's Egg Blue,"#1fcecb",31,206,203,179.0,73.8,46.5
Rose,"#ff007f",255,0,127,330.1,100.0,50.0
Rose bonbon,"#f9429e",249,66,158,329.8,93.8,61.8
Rose ebony,"#674846",103,72,70,3.6,19.1,33.9
Rose gold,"#b76e79",183,110,121,351.0,33.6,57.5
Rose madder,"#e32636",227,38,54,354.9,77.1,52.0
Rose pink,"#ff66cc",255,102,204,320.0,100.0,70.0
Rose quartz,"#aa98a9",170,152,169,303.3,9.6,63.1
Rose taupe,"#905d5d",144,93,93,0.0,21.5,46.5
Rose vale,"#ab4e52",171,78,82,357.4,37.3,48.8
Rosewood,"#65000b",101,0,11,353.5,100.0,19.8
Rosso corsa,"#d40000",212,0,0,0.0,100.0,41.6
Rosy brown,"#bc8f8f",188,143,143,0.0,25.1,64.9
Royal azure,"#0038a8",0,56,168,220.0,100.0,32.9
Royal blue,"#4169e1",65,105,225,225.0,72.7,56.9
Royal fuchsia,"#ca2c92",202,44,146,321.3,64.2,48.2
Royal purple,"#7851a9",120,81,169,266.6,35.2,49.0
Ruby,"#e0115f",224,17,95,337.4,85.9,47.3
Ruddy,"#ff0028",255,0,40,350.6,100.0,50.0
Ruddy brown,"#bb6528",187,101,40,24.9,64.8,44.5
Ruddy pink,"#e18e96",225,142,150,354.2,58.0,72.0
Rufous,"#a81c07",168,28,7,7.8,92.0,34.3
Russet,"#80461b",128,70,27,25.5,65.2,30.4
Rust,"#b7410e",183,65,14,18.1,85.8,38.6
Sacramento State green,"#00563f",0,86,63,164.0,100.0,16.9
Saddle brown,"#8b4513",139,69,19,25.0,75.9,31.0
Safety orange,"#ff6700",255,103,0,24.2,100.0,50.0
Saffron,"#f4c430",244,196,48,45.3,89.9,57.3
Saint Patrick Blue,"#23297a",35,41,122,235.9,55.4,30.8
Salmon,"#ff8c69",255,140,105,14.0,100.0,70.6
Salmon pink,"#ff91a4",255,145,164,349.6,100.0,78.4
Sand,"#c2b280",194,178,128,45.5,35.1,63.1
Sand dune,"#967117",150,113,23,42.5,73.4,33.9
Sandstorm,"#ecd540",236,213,64,52.0,81.9,58.8
Sandy brown,"#f4a460",244,164,96,27.6,87.1,66.7
Sandy taupe,"#967117",150,113,23,42.5,73.4,33.9
Sap green,"#507d2a",80,125,42,92.5,49.7,32.7
Sapphire,"#0f52ba",15,82,186,216.5,85.1,39.4
Satin sheen gold,"#cba135",203,161,53,43.2,59.1,50.2
Scarlet,"#ff2400",255,36,0,8.5,100.0,50.0
School bus yellow,"#ffd800",255,216,0,50.8,100.0,50.0
Screamin Green,"#76ff7a",118,255,122,121.8,100.0,73.1
Sea blue,"#006994",0,105,148,197.4,100.0,29.0
Sea green,"#2e8b57",46,139,87,146.5,50.3,36.3
Seal brown,"#321414",50,20,20,0.0,42.9,13.7
Seashell,"#fff5ee",255,245,238,24.7,100.0,96.7
Selective yellow,"#ffba00",255,186,0,43.8,100.0,50.0
Sepia,"#704214",112,66,20,30.0,69.7,25.9
Shadow,"#8a795d",138,121,93,37.3,19.5,45.3
Shamrock,"#45cea2",69,206,162,160.7,58.3,53.9
Shamrock green,"#009e60",0,158,96,156.5,100.0,31.0
Shocking pink,"#fc0fc0",252,15,192,315.2,97.5,52.4
Sienna,"#882d17",136,45,23,11.7,71.1,31.2
Silver,"#c0c0c0",192,192,192,0.0,0.0,75.3
Sinopia,"#cb410b",203,65,11,16.9,89.7,42.0
Skobeloff,"#007474",0,116,116,180.0,100.0,22.7
Sky blue,"#87ceeb",135,206,235,197.4,71.4,72.5
Sky magenta,"#cf71af",207,113,175,320.4,49.5,62.7
Slate blue,"#6a5acd",106,90,205,248.3,53.5,57.8
Slate gray,"#708090",112,128,144,210.0,12.6,50.2
Smalt,"#003399",0,51,153,220.0,100.0,30.0
Smokey topaz,"#933d41",147,61,65,357.2,41.3,40.8
Smoky black,"#100c08",16,12,8,30.0,33.3,4.7
Snow,"#fffafa",255,250,250,0.0,100.0,99.0
Spiro Disco Ball,"#0fc0fc",15,192,252,195.2,97.5,52.4
Spring bud,"#a7fc00",167,252,0,80.2,100.0,49.4
Spring green,"#00ff7f",0,255,127,149.9,100.0,50.0
Steel blue,"#4682b4",70,130,180,207.3,44.0,49.0
Stil de grain yellow,"#fada5e",250,218,94,47.7,94.0,67.5
Stizza,"#990000",153,0,0,0.0,100.0,30.0
Stormcloud,"#008080",0,128,128,180.0,100.0,25.1
Straw,"#e4d96f",228,217,111,54.4,68.4,66.5
Sunglow,"#ffcc33",255,204,51,45.0,100.0,60.0
Sunset,"#fad6a5",250,214,165,34.6,89.5,81.4
Sunset Orange,"#fd5e53",253,94,83,3.9,97.7,65.9
Tan,"#d2b48c",210,180,140,34.3,43.8,68.6
Tangelo,"#f94d00",249,77,0,18.6,100.0,48.8
Tangerine,"#f28500",242,133,0,33.0,100.0,47.5
Tangerine yellow,"#ffcc00",255,204,0,48.0,100.0,50.0
Taupe,"#483c32",72,60,50,27.3,18.0,23.9
Taupe gray,"#8b8589",139,133,137,320.0,2.5,53.3
Tawny,"#cd5700",205,87,0,25.5,100.0,40.2
Tea green,"#d0f0c0",208,240,192,100.0,61.5,84.7
Tea rose,"#f4c2c2",244,194,194,0.0,69.4,85.9
Teal,"#008080",0,128,128,180.0,100.0,25.1
Teal blue,"#367588",54,117,136,193.9,43.2,37.3
Teal green,"#006d5b",0,109,91,170.1,100.0,21.4
Terra cotta,"#e2725b",226,114,91,10.2,69.9,62.2
Thistle,"#d8bfd8",216,191,216,300.0,24.3,79.8
Thulian pink,"#de6fa1",222,111,161,333.0,62.7,65.3
Tickle Me Pink,"#fc89ac",252,137,172,341.7,95.0,76.3
Tiffany Blue,"#0abab5",10,186,181,178.3,89.8,38.4
Tiger eye,"#e08d3c",224,141,60,29.6,72.6,55.7
Timberwolf,"#dbd7d2",219,215,210,33.3,11.1,84.1
Titanium yellow,"#eee600",238,230,0,58.0,100.0,46.7
Tomato,"#ff6347",255,99,71,9.1,100.0,63.9
Toolbox,"#746cc0",116,108,192,245.7,40.0,58.8
Topaz,"#ffc87c",255,200,124,34.8,100.0,74.3
Tractor red,"#fd0e35",253,14,53,350.2,98.4,52.4
Trolley Grey,"#808080",128,128,128,0.0,0.0,50.2
Tropical rain forest,"#00755e",0,117,94,168.2,100.0,22.9
True Blue,"#0073cf",0,115,207,206.7,100.0,40.6
Tufts Blue,"#417dc1",65,125,193,211.9,50.8,50.6
Tumbleweed,"#deaa88",222,170,136,23.7,56.6,70.2
Turkish rose,"#b57281",181,114,129,346.6,31.2,57.8
Turquoise,"#30d5c8",48,213,200,175.3,66.3,51.2
Turquoise blue,"#00ffef",0,255,239,176.2,100.0,50.0
Turquoise green,"#a0d6b4",160,214,180,142.2,39.7,73.3
Tuscan red,"#66424d",102,66,77,341.7,21.4,32.9
Twilight lavender,"#8a496b",138,73,107,328.6,30.8,41.4
Tyrian purple,"#66023c",102,2,60,325.2,96.2,20.4
UA blue,"#0033aa",0,51,170,222.0,100.0,33.3
UA red,"#d9004c",217,0,76,339.0,100.0,42.5
UCLA Blue,"#536895",83,104,149,220.9,28.4,45.5
UCLA Gold,"#ffb300",255,179,0,42.1,100.0,50.0
UFO Green,"#3cd070",60,208,112,141.1,61.2,52.5
UP Forest green,"#014421",1,68,33,148.7,97.1,13.5
UP Maroon,"#7b1113",123,17,19,358.9,75.7,27.5
USC Cardinal,"#990000",153,0,0,0.0,100.0,30.0
USC Gold,"#ffcc00",255,204,0,48.0,100.0,50.0
Ube,"#8878c3",136,120,195,252.8,38.5,61.8
Ultra pink,"#ff6fff",255,111,255,300.0,100.0,71.8
Ultramarine,"#120a8f",18,10,143,243.6,86.9,30.0
Ultramarine blue,"#4166f5",65,102,245,227.7,90.0,60.8
Umber,"#635147",99,81,71,21.4,16.5,33.3
United Nations blue,"#5b92e5",91,146,229,216.1,72.6,62.7
University of California Gold,"#b78727",183,135,39,40.0,64.9,43.5
Unmellow Yellow,"#ffff66",255,255,102,60.0,100.0,70.0
Upsdell red,"#ae2029",174,32,41,356.2,68.9,40.4
Urobilin,"#e1ad21",225,173,33,43.8,76.2,50.6
Utah Crimson,"#d3003f",211,0,63,342.1,100.0,41.4
Vanilla,"#f3e5ab",243,229,171,48.3,75.0,81.2
Vegas gold,"#c5b358",197,179,88,50.1,48.4,55.9
Venetian red,"#c80815",200,8,21,355.9,92.3,40.8
Verdigris,"#43b3ae",67,179,174,177.3,45.5,48.2
Vermilion,"#e34234",227,66,52,4.8,75.8,54.7
Veronica,"#a020f0",160,32,240,276.9,87.4,53.3
Violet,"#ee82ee",238,130,238,300.0,76.1,72.2
Violet Blue,"#324ab2",50,74,178,228.8,56.1,44.7
Violet Red,"#f75394",247,83,148,336.2,91.1,64.7
Viridian,"#40826d",64,130,109,160.9,34.0,38.0
Vivid auburn,"#922724",146,39,36,1.6,60.4,35.7
Vivid burgundy,"#9f1d35",159,29,53,348.9,69.1,36.9
Vivid cerise,"#da1d81",218,29,129,328.3,76.5,48.4
Vivid tangerine,"#ffa089",255,160,137,11.7,100.0,76.9
Vivid violet,"#9f00ff",159,0,255,277.4,100.0,50.0
Warm black,"#004242",0,66,66,180.0,100.0,12.9
Waterspout,"#00ffff",0,255,255,180.0,100.0,50.0
Wenge,"#645452",100,84,82,6.7,9.9,35.7
Wheat,"#f5deb3",245,222,179,39.1,76.7,83.1
White,"#ffffff",255,255,255,0.0,0.0,100.0
White smoke,"#f5f5f5",245,245,245,0.0,0.0,96.1
Wild Strawberry,"#ff43a4",255,67,164,329.0,100.0,63.1
Wild Watermelon,"#fc6c85",252,108,133,349.6,96.0,70.6
Wild blue yonder,"#a2add0",162,173,208,225.7,32.9,72.5
Wine,"#722f37",114,47,55,352.8,41.6,31.6
Wisteria,"#c9a0dc",201,160,220,281.0,46.2,74.5
Xanadu,"#738678",115,134,120,135.8,7.6,48.8
Yale Blue,"#0f4d92",15,77,146,211.6,81.4,31.6
Yellow,"#ffff00",255,255,0,60.0,100.0,50.0
Yellow Orange,"#ffae42",255,174,66,34.3,100.0,62.9
Yellow green,"#9acd32",154,205,50,79.7,60.8,50.0
Zaffre,"#0014a8",0,20,168,232.9,100.0,32.9
Zinnwaldite brown,"#2c1608",44,22,8,23.3,69.2,10.2
